{"product launch": {"3M CO": [0.890010000000018, 17.49216, 6.377189999999999, -7.430459999999982]}, "new market entry": {"3M CO": [0.890010000000018, -0.625230000000002]}, "court ruling": {"3M CO": [-9.850870000000015, -0.04075000000000273, 6.4946800000000025, 23.487800000000007, 4.135600000000011, -3.7699599999999975, 9.587279999999993]}, "corporate restructuring": {"3M CO": [-9.850870000000015, 1.4934900000000084, 2.8780399999999986]}, "court settlement": {"3M CO": [-9.850870000000015, 6.4946800000000025, 1.4821300000000122]}, "layoffs": {"3M CO": [-9.850870000000015]}, "technological innovation": {"3M CO": [-13.04289, 1.0344899999999768, -0.7560000000000002, 0.8246000000000322, -3.169999999999959, -3.169999999999959]}, "management change": {"3M CO": [-13.115610000000004, 13.118460000000013, 1.4934900000000084, 1.4934900000000084, 3.1266099999999852, -0.625230000000002, -0.625230000000002, 1.8203200000000095, 1.8203200000000095, -8.634079999999997, -8.634079999999997, -1.8302300000000002, -2.4569399999999746, 2.8780399999999986, 2.8780399999999986, -1.790489999999977, 2.1736100000000107, 5.649380000000008, 2.1736100000000107, 0.3404999999999916, -3.7699599999999975, 4.483239999999995, -3.169999999999959, 6.658499999999989]}, "dividend announcement": {"3M CO": [-13.115610000000004, -0.625230000000002, -8.634079999999997, -2.4569399999999746, 1.048729999999992, 4.956779999999995]}, "market expansion": {"3M CO": [1.6714999999999947, 7.388779999999997, -1.4346000000000032, 8.673860000000019, -8.514719999999997, 9.727270000000004, 17.49216, -1.5986899999999906, -0.7560000000000002, 9.727270000000004, 10.709820000000008, -7.430459999999982]}, "research breakthrough": {"3M CO": [1.6714999999999947, 6.377189999999999]}, "supply chain disruption": {"3M CO": [1.246220000000008]}, "sustainability initiative": {"3M CO": [6.981830000000016, 24.952079999999995, 8.880049999999997, -3.169999999999959, -17.90692]}, "strategic partnership announcement": {"3M CO": [6.981830000000016, 5.227180000000018, 3.75, 10.709820000000008, 4.953659999999985]}, "CEO appointment": {"3M CO": [13.118460000000013, -0.625230000000002, 1.8203200000000095, 1.8203200000000095, 2.8780399999999986, 2.1736100000000107, 2.1736100000000107, 6.658499999999989]}, "share buyback": {"3M CO": [1.4934900000000084, 10.808069999999987, 1.048729999999992]}, "sued for damages": {"3M CO": [13.50497, 0.9893699999999939, 0.9893699999999939, -1.4346000000000032, 17.71973, 1.4821300000000122, 1.4821300000000122, -8.514719999999997, 0.8900000000000148, 4.135600000000011, 3.75, -3.7699599999999975, 6.08456000000001]}, "investment round": {"3M CO": [0.4254399999999947, 0.9893699999999939, 17.71973, 17.49216, 9.727270000000004, 0.8246000000000322, 0.8246000000000322, 1.048729999999992, -3.169999999999959, -3.169999999999959, 4.483239999999995]}, "fundraising event": {"3M CO": [0.9893699999999939, 17.71973, 1.1599899999999934, 9.727270000000004, -5.02000000000001, 1.048729999999992]}, "acquisition": {"3M CO": [11.76603999999999, 2.7668099999999924, -3.169999999999959]}, "market downturn": {"3M CO": [1.4821300000000122]}, "takeover bid": {"3M CO": [1.4821300000000122]}, "flood": {"3M CO": [1.4821300000000122]}, "CEO resignation": {"3M CO": [-8.634079999999997]}, "scandal": {"3M CO": [-8.634079999999997, -1.5986899999999906]}, "fire": {"3M CO": [-8.634079999999997, -5.02000000000001]}, "licensing deal": {"3M CO": [-8.514719999999997]}, "product contamination": {"3M CO": [-8.514719999999997, 0.8900000000000148]}, "environmental violation": {"3M CO": [-1.8302300000000002]}, "regulatory change": {"3M CO": [-1.8302300000000002, 5.637510000000006]}, "murder": {"3M CO": [17.49216]}, "insurance claim": {"3M CO": [-1.790489999999977]}, "product liability lawsuit": {"3M CO": [4.135600000000011, 8.156170000000003]}, "natural": {"3M CO": [-0.7560000000000002]}, "innovation award": {"3M CO": [6.377189999999999]}, "initial public offering (IPO)": {"3M CO": [10.709820000000008]}, "earnings surprise": {"3M CO": [-5.02000000000001, -5.02000000000001]}, "joint venture formation": {"3M CO": [4.483239999999995]}, "supply shortage": {"3M CO": [-17.90692]}, "government regulation": {"3M CO": [-7.430459999999982]}, "regulatory investigation": {"3M CO": [-7.430459999999982]}}