{"product launch": {"3M CO": [0.890010000000018, 17.49216, 6.377189999999999, -7.430459999999982], "ABBOTT LABORATORIES": [3.4864999999999924, -1.4674699999999916, 3.358469999999997, -2.3144999999999953], "ABBVIE INC": [-1.621639999999985], "ACCENTURE PLC": [-3.2582099999999627, -13.419989999999984, -4.46183000000002], "ADOBE INC": [-63.52996999999999, 15.679989999999975, -15.249979999999994, -60.89000999999996, -60.89000999999996, 29.200019999999995, 11.710019999999986, -86.32000000000005], "ADVANCED MICRO DEVICES": [11.819990000000018, -18.11999, 4.090010000000035]}, "new market entry": {"3M CO": [0.890010000000018, -0.625230000000002], "ABBOTT LABORATORIES": [3.4864999999999924, -2.8843800000000073, -3.979130000000012, 4.8375699999999995, 1.2154699999999963], "ABBVIE INC": [10.470560000000006, -10.844940000000008, -1.621639999999985], "ACCENTURE PLC": [3.072029999999984, 3.4161400000000413, 3.42999999999995], "ADOBE INC": [-87.3399300000001, -67.33001999999999, -67.33001999999999, 98.71996000000001, -63.52996999999999, 28.389980000000037, 11.01998999999995, -17.589969999999994, -86.32000000000005]}, "court ruling": {"3M CO": [-9.850870000000015, -0.04075000000000273, 6.4946800000000025, 23.487800000000007, 4.135600000000011, -3.7699599999999975, 9.587279999999993], "ABBOTT LABORATORIES": [-6.57932000000001, 10.701920000000001, 1.2364200000000096, 5.328159999999997, -2.3975400000000064, -10.760709999999989, -10.760709999999989, 7.480739999999997, 9.30708, -0.20889999999999986], "ABBVIE INC": [11.033890000000014, 1.3828800000000285, 1.3828800000000285, -9.135519999999985], "ACCENTURE PLC": [-17.559999999999945], "ADOBE INC": [-30.10999000000004]}, "corporate restructuring": {"3M CO": [-9.850870000000015, 1.4934900000000084, 2.8780399999999986], "ACCENTURE PLC": [-23.59997999999996]}, "court settlement": {"3M CO": [-9.850870000000015, 6.4946800000000025, 1.4821300000000122], "ABBOTT LABORATORIES": [-3.929380000000009], "ABBVIE INC": [-4.81459000000001, -9.135519999999985]}, "layoffs": {"3M CO": [-9.850870000000015], "ABBOTT LABORATORIES": [7.05847, 0.0, 0.11817999999999529, -3.929380000000009], "ACCENTURE PLC": [-23.59997999999996]}, "technological innovation": {"3M CO": [-13.04289, 1.0344899999999768, -0.7560000000000002, 0.8246000000000322, -3.169999999999959, -3.169999999999959], "ABBOTT LABORATORIES": [-1.9993100000000084, 5.920869999999994, 5.328159999999997, -2.3974199999999968, 1.2154699999999963], "ACCENTURE PLC": [24.19283999999999, 24.19283999999999, 24.19283999999999, 24.19283999999999, 4.8200199999999995, 2.4492500000000064, -26.07904999999994, 7.76836000000003], "ADOBE INC": [94.97002999999995, -79.27995999999996, 13.999990000000025, 93.19003000000009, 92.22998999999999, -60.45001000000002, 33.71999999999997, -118.84002999999996, 15.679989999999975, -15.249979999999994, -15.249979999999994, -24.599969999999985, -60.89000999999996, 29.200019999999995, 29.200019999999995, -60.17996000000005, 38.78003000000001, 15.159999999999968, -54.93002999999999, -86.32000000000005], "ADVANCED MICRO DEVICES": [44.64999999999998, 29.680000000000007, -14.659989999999993, 11.819990000000018, 2.559999999999974, 16.680000000000007, 0.15997999999999024, 1.1300100000000128, 4.090010000000035, -16.28, -7.450000000000017, -3.299999999999997, -12.849999999999994]}, "management change": {"3M CO": [-13.115610000000004, 13.118460000000013, 1.4934900000000084, 1.4934900000000084, 3.1266099999999852, -0.625230000000002, -0.625230000000002, 1.8203200000000095, 1.8203200000000095, -8.634079999999997, -8.634079999999997, -1.8302300000000002, -2.4569399999999746, 2.8780399999999986, 2.8780399999999986, -1.790489999999977, 2.1736100000000107, 5.649380000000008, 2.1736100000000107, 0.3404999999999916, -3.7699599999999975, 4.483239999999995, -3.169999999999959, 6.658499999999989], "ABBOTT LABORATORIES": [-1.6198299999999932, -0.6106300000000005], "ABBVIE INC": [8.461989999999986, 21.58646999999999], "ACCENTURE PLC": [10.065400000000011, 12.495330000000024, -7.459989999999948, 29.65337999999997, 29.630000000000052, -23.59997999999996, 27.788260000000037], "ADOBE INC": [94.97002999999995, 28.129999999999995, 121.20004000000006, 38.12995999999998, 36.11999999999995, -66.62000999999998, 7.940009999999916, -15.080000000000041, -17.589969999999994, -43.2800299999999, -62.210019999999986], "ADVANCED MICRO DEVICES": [0.15997999999999024, 11.999990000000025, 4.090010000000035]}, "dividend announcement": {"3M CO": [-13.115610000000004, -0.625230000000002, -8.634079999999997, -2.4569399999999746, 1.048729999999992, 4.956779999999995, 24.130880000000005], "ABBOTT LABORATORIES": [-2.1411700000000025, -6.5889099999999985, -6.5889099999999985, 0.0, 2.118870000000001, 5.140149999999991], "ABBVIE INC": [-3.447480000000013, 5.936170000000004, 29.81877, 5.658159999999981, 3.2889699999999777, 20.09081999999998, 16.488439999999997, -5.120450000000005, -5.537769999999995], "ACCENTURE PLC": [-3.2582099999999627], "ADVANCED MICRO DEVICES": [-14.830000000000013]}, "market expansion": {"3M CO": [1.6714999999999947, 7.388779999999997, -1.4346000000000032, 8.673860000000019, -8.514719999999997, 9.727270000000004, 17.49216, -1.5986899999999906, -0.7560000000000002, 9.727270000000004, 10.709820000000008, -7.430459999999982], "ABBOTT LABORATORIES": [5.409769999999995, 10.701920000000001, -9.741479999999996, -2.6788899999999956, 1.9697900000000033, -1.4674699999999916, 10.48957, -2.8843800000000073, 1.9159700000000015, -3.979130000000012, 4.8375699999999995, 2.6461100000000073, -1.04952999999999, 4.155290000000008, 5.140149999999991, -2.3974199999999968, -7.346990000000005, -0.43564999999999543, 1.2154699999999963], "ABBVIE INC": [9.391179999999991, -2.0933899999999994, -21.14063999999999, -22.260070000000013, 18.53528, -13.81134000000003, 2.9411599999999964, 8.529590000000013, 4.830919999999992, -2.5156399999999906, 21.58646999999999], "ACCENTURE PLC": [-41.77294999999998, 3.8077200000000744, 2.220920000000035], "ADOBE INC": [94.97002999999995, -3.230030000000056, 152.18001999999996, -114.96001999999999, 39.90002000000004, -15.249979999999994, 21.22003000000001, 37.21002000000004, 13.699990000000014, 33.23998999999992, 46.990020000000015, -23.13997999999998], "ADVANCED MICRO DEVICES": [44.64999999999998, 11.819990000000018, 28.139989999999983, 4.090010000000035, 4.090010000000035, -3.299999999999997, 17.06999000000002]}, "research breakthrough": {"3M CO": [1.6714999999999947, 6.377189999999999], "ABBOTT LABORATORIES": [-4.929560000000009, 6.2971199999999925, 1.2364200000000096], "ABBVIE INC": [-0.6914600000000064, 11.033890000000014, -13.143270000000001, -9.135519999999985], "ADOBE INC": [16.58001999999999, 20.019990000000007]}, "supply chain disruption": {"3M CO": [1.246220000000008, 0.1935399999999987], "ABBOTT LABORATORIES": [0.5273900000000111], "ABBVIE INC": [18.41577000000001], "ADOBE INC": [-60.89000999999996]}, "sustainability initiative": {"3M CO": [6.981830000000016, 24.952079999999995, 8.880049999999997, -3.169999999999959, -17.90692], "ABBOTT LABORATORIES": [-4.929560000000009, 7.131500000000003], "ADOBE INC": [92.22998999999999, 15.159999999999968]}, "strategic partnership announcement": {"3M CO": [6.981830000000016, 5.227180000000018, 3.75, 10.709820000000008, 4.953659999999985], "ABBOTT LABORATORIES": [-4.929560000000009, -11.868139999999997, 6.644380000000012, -0.3382299999999958, 2.5049800000000033, 6.791420000000002, -6.250609999999995], "ABBVIE INC": [3.823469999999986, 5.213660000000033, 1.334179999999975, -9.886520000000019, -3.2901300000000333, -12.24454, -9.135519999999985], "ACCENTURE PLC": [24.19283999999999, 24.19283999999999, 24.19283999999999, 3.072029999999984, -50.820899999999995, -20.668180000000007, 3.8077200000000744, 4.8200199999999995, 4.8200199999999995, -13.419989999999984, -26.07904999999994, -59.76021999999995, 24.30591000000004, 7.250470000000007, -1.8318799999999555, -1.8318799999999555, -41.828400000000045, 3.4161400000000413],